ID,Score,Repeats
BPPV1_gp1,0.575024129,0
BPPV1_gp5,0.705399525,1
BPPV1_gp2,0.852048722,0
BPPV1_gp6,1.083797612,1
BPPV1_gp7,1.492354645,0
BPPV1_gp4,1.788840936,1
BPPV1_gp3,1.978164446,0