ID,Score,Repeats
BPPV1_gp3,-1.787375245,0
BPPV1_gp2,-0.994288635,0
BPPV1_gp5,-0.420770663,1
BPPV1_gp1,0.138301733,0
BPPV1_gp4,1.496263122,1
BPPV1_gp7,1.878815504,0
BPPV1_gp6,2.656209885,1